{"cameraMode":{"drawMode":0,"name":"Shaded","section":"Shading Mode"},"sceneLighting":true,"audioPlay":false,"sceneViewState":{"m_AlwaysRefresh":false,"showFog":true,"showSkybox":true,"showFlares":true,"showImageEffects":true,"showParticleSystems":true,"showVisualEffectGraphs":true,"m_FxEnabled":true},"in2DMode":false,"pivot":{"x":-67.42048645019531,"y":146.9073944091797,"z":-163.38735961914063},"rotation":{"x":0.40757426619529726,"y":0.06665830314159394,"z":-0.02933444269001484,"w":0.9103965759277344},"size":0.09149765968322754,"orthographic":false}