{"cameraMode":{"drawMode":0,"name":"Shaded","section":"Shading Mode"},"sceneLighting":true,"audioPlay":false,"sceneViewState":{"m_AlwaysRefresh":false,"showFog":true,"showSkybox":true,"showFlares":true,"showImageEffects":true,"showParticleSystems":true,"showVisualEffectGraphs":true,"m_FxEnabled":true},"in2DMode":false,"pivot":{"x":-67.39030456542969,"y":146.9073944091797,"z":-163.39588928222657},"rotation":{"x":0.4004146456718445,"y":0.18322190642356873,"z":-0.08151780813932419,"w":0.8942561745643616},"size":0.09149765968322754,"orthographic":false}